,SibSp,SibSp,Parch,Parch,Fare,Fare,passenger_class,passenger_class,isFemale,isFemale,class_prob
,mean,std,mean,std,mean,std,mean,std,mean,std,prob
passenger_survived,,,,,,,,,,,
0,0.06376811594202898,0.1560630411649758,0.05797101449275358,0.14587924791193407,0.04390634443408761,0.06691654074282262,0.2289855072463768,0.3673053389193407,0.15072463768115943,0.3582999216283678,0.6063268892794376
1,0.060267857142857144,0.09012656592798003,0.09196428571428564,0.15597998771093569,0.09778759821670462,0.13427312960567606,0.5223214285714286,0.4385483230459109,0.6696428571428571,0.47139508354648757,0.3936731107205624
