,SibSp,SibSp,Parch,Parch,Fare,Fare,passenger_class,passenger_class,isFemale,isFemale,class_prob
,mean,std,mean,std,mean,std,mean,std,mean,std,prob
passenger_survived,,,,,,,,,,,
0,0.061466942148760334,0.14857628963062472,0.05371900826446282,0.14663094628682882,0.04182664015814261,0.06229482922845253,0.2190082644628099,0.3637777921878843,0.15702479338842976,0.36457818433742073,0.6080402010050251
1,0.06971153846153846,0.0986198965474879,0.09358974358974359,0.16448531150403364,0.10439819848804345,0.13091366465079043,0.5480769230769231,0.44641527807219816,0.6858974358974359,0.4656523302191714,0.39195979899497485
